id,entity,lat,lon,display_name,source,confidence
09df6d304ca8,Fagervik,62.5039131,17.4054718,"Fagervik, Timrå distrikt, Timrå kommun, Västernorrlands län, 861 45, Sverige",https://www.flashback.org/t279814,0.84
bbe9ae76e0eb,Sidsjön,62.3733712,17.2771001,"Sidsjön, Sidsjö, Sidsjö-Böle, Sundsvalls Gustav Adolfs distrikt, Sundsvalls kommun, Västernorrlands län, Sverige",https://www.flashback.org/t279814,0.84
6f550dcfb82d,Clas,60.6785236,15.0960121,"Clas Ohlson Parken, Ålbyn, Insjön, Leksands kommun, Dalarnas län, Sverige",https://www.flashback.org/t349266,0.64
46960b1e32a2,Jag,56.7381625,16.2862947,"Får jag lov, Lindsdal, Kalmar kommun, Kalmar län, 393 65, Sverige",https://www.flashback.org/t3074043p2,0.72
eedc88393191,Denna,59.4123247,18.0338509,"Denna Restaurang, Enebybergsvägen, Mörby, Enebyberg, Danderyds kommun, Stockholms län, 182 36, Sverige",https://www.flashback.org/t3725204,1.0
9e46c262fad0,Canon,59.8543863,17.6905231,"Canon, Sylveniusgatan, Fyrislund, Uppsala, Uppsala kommun, Uppsala län, 735 23, Sverige",https://www.flashback.org/t349266,0.84
414e13ed6e71,Kommer,58.4012054,15.5776266,"Kommer, Corson, Västra Valla, Linköpings domkyrkodistrikt, Linköping, Linköpings kommun, Östergötlands län, 583 29, Sverige",https://www.flashback.org/t3729252,0.48
e0117e333b14,Men,44.133435,-70.822678,"Sweden, Oxford County, Maine, 04040, United States",https://www.flashback.org/t359143,0.64
abf6b361e4b7,Låt,60.5152564,16.4702136,"Låtvägen, Solberga, Wall, Torsåker, Hofors kommun, Gävleborgs län, 813 40, Sverige",https://www.flashback.org/t349266,0.84
0a4b79034141,Eller,63.7300829,18.7806808,"Cykla eller rid i kanten på Herrbergslidens Naturreservat, Trehörningsjö distrikt, Örnsköldsviks kommun, Västernorrlands län, 890 54, Sverige",https://www.flashback.org/t359143,0.56
634cb33af71e,Det,59.3726654,18.0171634,"Europeiskt centrum för förebyggande och kontroll av sjukdomar, 40, Gustav III:s boulevard, Ritorp, Järva, Solna, Solna kommun, Stockholms län, 169 73, Sverige",https://www.flashback.org/t19834,0.68
57f00512a4b5,Med,43.1995017,-77.9496258,"Brockport Medical Campus, 6668, Fourth Section Road, Village of Brockport, Town of Sweden, Monroe County, New York, 14420, United States",https://www.flashback.org/t1413347,0.64
690d967c925e,Stockholms,59.3948653,18.6660073,"Stockholms län, Sverige",https://www.flashback.org/t3074043,0.84
da53ccad5a00,Vad,60.0283008,15.6506781,"Vad, Smedjebackens kommun, Dalarnas län, 777 94, Sverige",https://www.flashback.org/t19834p2,0.48
aeadd22350b2,Man,58.0272712,16.0750854,"Man, Tyllinge, Västerviks kommun, Kalmar län, Sverige",https://www.flashback.org/t3725204p2,0.48
d3d95cd01e97,Mobil,59.2980382,17.989146,"Mobilgatan, Midsommarkransen, Hägersten-Älvsjö stadsdelsområde, Stockholm, Stockholms kommun, Stockholms län, 129 04, Sverige",https://www.flashback.org/t278041,1.0
b36922ad58fb,Kan,63.0,14.0,"Scandinavian Peninsula, Bergs kommun, Jämtlands län, Sverige",https://www.flashback.org/t3074043,0.56
0a66a2cb5007,Den,52.0930785,4.2847782,"Ambassade van Zweden, 7, Johan de Wittlaan, Scheveningen, Den Haag, Zuid-Holland, Nederland, 2517 JR, Nederland",https://www.flashback.org/t19834p2,0.48
a8a6ffe7e7c5,Att,58.39668,15.5780328,"Att, Corson, Västra Valla, Linköpings domkyrkodistrikt, Linköping, Linköpings kommun, Östergötlands län, 581 83, Sverige",https://www.flashback.org/t1421697p2,0.56
5492038db8f0,Rent,59.331298,18.0832886,"Rent a bike, 18, Strandvägen, Östermalm, Norra innerstadens stadsdelsområde, Stockholm, Stockholms kommun, Stockholms län, 114 56, Sverige",https://www.flashback.org/t278041,1.0
fc115abe5950,Varför,60.639614,15.65222,"Varför ser skogen ut som den gör?, W 851, Stora Hälla, Falun, Falu kommun, Dalarnas län, 791 33, Sverige",https://www.flashback.org/t2225405p2,0.48
584ecc97f42e,För,56.3546798,12.8009415,"Förslöv, Vistorpsvägen, Slammarp, Förslöv, Båstads kommun, Skåne län, 269 72, Sverige",https://www.flashback.org/t3699472,0.56
28dd136b4367,Hur,59.295421,17.9171502,"Titta och känn på mönstret som barkborren nar gjort. Hur känns det?, Stora sällskapets stig, Sätra, Skärholmens stadsdelsområde, Stockholm, Stockholms kommun, Stockholms län, 127 30, Sverige",https://www.flashback.org/t3074043p2,0.72
2d3a9c746272,När,57.2586791,18.6314748,"När, Gotlands kommun, Gotlands län, 623 48, Sverige",https://www.flashback.org/t359143,0.56
ccfc8d2d9c25,Valet,59.1099904,12.9706185,"Vålet, Säffle, Säffle kommun, Värmlands län, 661 92, Sverige",https://www.flashback.org/t278041,1.0
c35306eebeb9,Även,57.6561445,11.7981488,"Aven, Södra Skärgården, Sydväst, Asperö, Göteborgs Stad, Västra Götalands län, Sverige",https://www.flashback.org/t359143,0.84
c050dddd7347,Försök,58.9227829,12.2458856,"Försök, Östra Mon, Bengtsfors kommun, Västra Götalands län, 666 94, Sverige",https://www.flashback.org/t278041,1.0
4a15512f8215,Ett,64.7340328,21.0870825,"Northvolt Ett, Bergsbyn, Skellefteå kommun, Västerbottens län, Sverige",https://www.flashback.org/t359143,0.84
7f505bc93887,Detta,55.6321808,13.0720731,"Före detta garage, Trädgårdsgatan, Arlövgården, Arlöv, Malmö, Burlövs kommun, Skåne län, 232 31, Sverige",https://www.flashback.org/t2225405,0.64
1564aa4f7c76,Tro,58.1862463,13.9612346,"Tro, Mellgrensgatan, Kulle, Tidaholm, Tidaholms kommun, Västra Götalands län, 522 31, Sverige",https://www.flashback.org/t278041,1.0
e77b2a401fbc,Clas Ohlson,59.3315448,18.0671286,"Clas Ohlson, Gallerian, Klara, Norrmalm, Norra innerstadens stadsdelsområde, Stockholm, Stockholms kommun, Stockholms län, 111 53, Sverige",https://www.flashback.org/t278041,1.0
d2218ba88629,Kom,59.9614667,17.7053146,"Vinter pulka backe (kom ihåg att ta med hjälm), Storvreta, Uppsala kommun, Uppsala län, Sverige",https://www.flashback.org/t750391p2,0.72
443ac6ae81da,Någon,59.3028463,18.0921557,"I väntan på någon, Förskeppsgatan, Södra Hammarbyhamnen, Södermalms stadsdelsområde, Stockholm, Stockholms kommun, Stockholms län, 120 30, Sverige",https://www.flashback.org/t359143,0.56
b4b9c501e621,Gamla,58.9316843,15.5185744,"Gamla, Bo, Hallsbergs kommun, Örebro län, Sverige",https://www.flashback.org/t278041,1.0
98e3bec8f67c,Farbror Blå,56.7271725,16.3058163,"Farbror Blå, Lindsdal, Kalmar kommun, Kalmar län, Sverige",https://www.flashback.org/t278041,1.0
78dcc112ae27,Dramat,59.3265841,17.9328721,"Dramat, Höglandet, Bromma stadsdelsområde, Stockholm, Stockholms kommun, Stockholms län, Sverige",https://www.flashback.org/t278041,1.0
17f7a4285576,Ska,59.3427186,17.7399872,"Skå-Edeby flygfält, Färentunavägen, Skå industriområde, Skillinge, Sundby, Ekerö kommun, Järfälla kommun, Stockholms län, 179 75, Sverige",https://www.flashback.org/t3074043,0.56
f5e97c33fd70,Såg,56.244058,13.8042882,"Såg, Hässleholms kommun, Skåne län, Sverige",https://www.flashback.org/t2167471p2,0.64
ed135f2a88d9,Snön,59.2958061,17.9728267,"Snön, Västertorp, Hägersten-Älvsjö stadsdelsområde, Stockholm, Stockholms kommun, Stockholms län, Sverige",https://www.flashback.org/t627781p2,0.56
91f42a415356,Fjärrvärme,58.3687584,15.6920498,"Fjärrvärmevägen, Harvestad, Landeryd, Linköping, Linköpings kommun, Östergötlands län, 589 52, Sverige",https://www.flashback.org/t627781p2,0.56
5fa9e9d8a089,Var,58.5905076,16.1788654,"Vår enighets fana, Skvallertorget, Nordantill, Norrköping, Norrköpings kommun, Östergötlands län, 602 20, Sverige",https://www.flashback.org/t359143,0.48
5c59ac6397d1,Ifrån,58.7234676,15.8193456,"Lotorps ängar söder ifrån, Grostorp, Butbro, Finspångs kommun, Östergötlands län, 612 76, Sverige",https://www.flashback.org/t103742,0.84
31c03458204d,Under,59.34277,18.0359325,"Under, Karlbergsvägen, Röda bergen, Vasastaden, Norra innerstadens stadsdelsområde, Stockholm, Stockholms kommun, Stockholms län, 113 37, Sverige",https://www.flashback.org/t347489,0.76
2ea32748a2af,Eriksdalsbadet,59.3045804,18.075732,"Eriksdalsbadet, Hammarby Slussväg, Skanstull, Södermalm, Södermalms stadsdelsområde, Stockholm, Stockholms kommun, Stockholms län, 118 60, Sverige",https://www.flashback.org/t3074043p2,0.72
afd6d19c7f8a,Eriksdals,62.478371,17.3743257,"Eriksdals herrgård, Eriksdal, Alnö kommundel, Alnö distrikt, Sundsvalls kommun, Västernorrlands län, Sverige",https://www.flashback.org/t103742p2,0.68
de52f4edf38c,Gjort,59.295421,17.9171502,"Titta och känn på mönstret som barkborren nar gjort. Hur känns det?, Stora sällskapets stig, Sätra, Skärholmens stadsdelsområde, Stockholm, Stockholms kommun, Stockholms län, 127 30, Sverige",https://www.flashback.org/t103742p2,0.68
f4a2265e67da,Har,57.6887664,11.9682877,"Här, Wavrinskys Plats, Guldheden, Centrum, Göteborg, Göteborgs Stad, Västra Götalands län, 413 20, Sverige",https://www.flashback.org/t3074043p2,0.72
72b6a2afbf38,Katedralskolan,55.7004088,13.1901641,"Katedralskolan, Staffans gränd, Stadskärnan, Centrum, Lund, Lunds kommun, Skåne län, 222 23, Sverige",https://www.flashback.org/t282947p2,0.96
bcffffed0d17,Statt,63.2880587,18.7145196,"Statt, Lasarettsgatan, Valhalla, Örnsköldsviks distrikt, Örnsköldsviks kommun, Västernorrlands län, 891 34, Sverige",https://www.flashback.org/t282947p2,0.96
26ddb64f8507,Något,58.3997051,15.577781,"Något, Corson, Västra Valla, Linköpings domkyrkodistrikt, Linköping, Linköpings kommun, Östergötlands län, 581 83, Sverige",https://www.flashback.org/t282947p2,0.96
7e8f3524cfb7,Och,58.5812314,16.1480899,"Sveriges meteorologiska och hydrologiska institut, 1, Folkborgsvägen, Klockaretorpet, Norrköping, Norrköpings kommun, Östergötlands län, 601 76, Sverige",https://www.flashback.org/t19834p2,0.84
bdb45929d84e,Min,51.5189287,-0.1602537,"Embassy of Sweden, 11, Montagu Place, Marylebone, City of Westminster, Greater London, England, W1H 2AL, United Kingdom",https://www.flashback.org/t2167471p2,0.72
ebba4d0b85be,Teknikum,56.8829794,14.8169172,"Teknikum, 6, Gamla Norrvägen, Gamla Norr, Norr, Växjö, Växjö kommun, Kronobergs län, 352 43, Sverige",https://www.flashback.org/t282947p2,0.96
76a5e7bf1808,Katedral-,58.415664,15.6163251,"Katedralskolan, 20, Platensgatan, Vasastaden, Linköpings domkyrkodistrikt, Linköping, Linköpings kommun, Östergötlands län, 582 18, Sverige",https://www.flashback.org/t282947p2,0.96
a60aac3cc7fb,Katedral,58.415664,15.6163251,"Katedralskolan, 20, Platensgatan, Vasastaden, Linköpings domkyrkodistrikt, Linköping, Linköpings kommun, Östergötlands län, 582 18, Sverige",https://www.flashback.org/t282947p2,0.96
7d3869bfa19f,Dagens,59.2569354,18.0270547,"Dagens Habesha Butiken, Rågsvedstorget, Rågsved, Enskede-Årsta-Vantörs stadsdelsområde, Stockholm, Stockholms kommun, Stockholms län, 124 64, Sverige",https://www.flashback.org/t282947p2,0.96
a933f904d684,Aldrig,55.603522,12.9864848,"Trädgården som aldrig sover, Malmö Hus, Norr, Malmö, Malmö kommun, Skåne län, Sverige",https://www.flashback.org/t282947p2,0.96
828876117f4b,Vet,59.2848519,18.112881,"Zootopia Vet, 4, Lågskärsvägen, Kärrtorp, Skarpnäcks stadsdelsområde, Stockholm, Stockholms kommun, Stockholms län, 121 55, Sverige",https://www.flashback.org/t19834,0.52
8dcb3bfe2353,Växjö,56.8787183,14.8094385,"Växjö, Växjö kommun, Kronobergs län, 352 30, Sverige",https://www.flashback.org/t282947p2,0.48
ac8f31161cfe,Gärna,59.8596084,17.6331914,"Ta en Bok! Lämna gärna en!, Vattugränd, Främre Luthagen, Fjärdingen, Uppsala, Uppsala kommun, Uppsala län, 753 10, Sverige",https://www.flashback.org/t282947p2,0.56
97fea8828b7b,Lugnet,60.6207637,15.6551756,"Lugnet, Lilla Hälla, Falun, Falu kommun, Dalarnas län, 791 31, Sverige",https://www.flashback.org/t282947p2,0.56
84d7e51dfbb7,Kronoberg,56.8007878,14.410897,"Kronobergs län, Sverige",https://www.flashback.org/t282947p2,0.56
df14a1e65737,Ute,61.8315797,16.0830727,"Stenhamre uteplats, Ljusdal, Ljusdals kommun, Gävleborgs län, Sverige",https://www.flashback.org/t19834p2,0.84
028ee37af1be,Hejsan,64.3164677,18.2764586,"Hejsanvägen, Granträsk, Lycksele kommun, Västerbottens län, Sverige",https://www.flashback.org/t282947p2,0.48
d49d249dc4c5,Handlar,55.4032126,14.1459481,"Handlarvägen, Ekesåkra, Ystads kommun, Skåne län, 271 77, Sverige",https://www.flashback.org/t282947p2,0.48
b3647a54d42c,Pias,59.1155325,17.5672108,"Pias väg, Östra Kallfors, Södertälje kommun, Stockholms län, 153 38, Sverige",https://www.flashback.org/t282947p2,0.48
6c5f9a89dfe9,Själv,58.4319758,15.5834118,"Gör-det-själv-biltvätt, Nygårdsvägen, Skäggetorp, Linköping, Linköpings kommun, Östergötlands län, 586 43, Sverige",https://www.flashback.org/t1690739,0.92
c747f78d9f55,Värnamo,57.184902,14.0410977,"Värnamo, Värnamo kommun, Jönköpings län, 331 30, Sverige",https://www.flashback.org/t1690739p2,0.76
0f4c8b18a018,Här,57.6887664,11.9682877,"Här, Wavrinskys Plats, Guldheden, Centrum, Göteborg, Göteborgs Stad, Västra Götalands län, 413 20, Sverige",https://www.flashback.org/t2225405,0.56
7c8554ad5d98,Måste,56.7136233,13.4581315,"Mäste, Ljungby kommun, Kronobergs län, Sverige",https://www.flashback.org/t2225405,0.72
2c22de5bf491,Vismen,59.2709112,14.2773519,"Vismen, Björneborg, Kristinehamns kommun, Värmlands län, Sverige",https://www.flashback.org/t1690739p2,0.64
8be8ec62c9fc,Bunkern,57.8037708,11.9830608,"Bunkern, Smedlyckan, Kärra, Hisingen, Mysterna, Göteborgs Stad, Västra Götalands län, 425 65, Sverige",https://www.flashback.org/t3725204p2,0.52
898878c2617f,Platsen,58.6345719,11.3597667,"Platsen, Åbrott, Tanums kommun, Västra Götalands län, 457 41, Sverige",https://www.flashback.org/t1690739p2,0.64
0a5f89ec621f,Masten,60.6770724,17.1470584,"Masten, Södertull, Gävle, Gävle kommun, Gävleborgs län, Sverige",https://www.flashback.org/t2167471,0.72
df75283a75b5,Bäst,58.4176105,13.1425442,"Bast, Norra Härene distrikt, Lidköpings kommun, Västra Götalands län, 531 93, Sverige",https://www.flashback.org/t1690739p2,0.76
60afccfa72f9,Hör,56.1116035,13.0999813,"Hör, Klippan, Klippans kommun, Skåne län, 264 39, Sverige",https://www.flashback.org/t1690739p2,0.76
7feb3d63fa8b,Hade,60.2904667,17.0420897,"Hade, Gävle kommun, Gävleborgs län, Sverige",https://www.flashback.org/t359143,0.64
1f30fd1f3847,Lär,55.5905399,12.9928765,"Lär känna Pildammsparkens fågar, Margaretavägen, Pildammsparken, Innerstaden, Malmö, Malmö kommun, Skåne län, 217 42, Sverige",https://www.flashback.org/t1690739p2,0.76
98a5256c719f,Volvo,57.727476,11.8335326,"Volvo Cars Torslanda, Arendal, Hisingen, Västra Låssby, Göteborgs Stad, Västra Götalands län, Sverige",https://www.flashback.org/t2557575p2,0.56
1abf68a7850f,Inte,56.6696297,12.8862812,"Rivning av gamla skolan, lägg inte till något här, Linehed, Halmstad, Halmstads kommun, Hallands län, Sverige",https://www.flashback.org/t3618848,0.56
3d3dac620ea4,Fet-,60.6223243,15.6621664,"Fet-Mats, Lugnet, Lilla Hälla, Falun, Falu kommun, Dalarnas län, 791 40, Sverige",https://www.flashback.org/t2557575p2,0.56
2aea5aacbeb4,Enkelt,59.3123199,18.0791733,"Bara Enkelt, Skånegatan, Södermalm, Södermalms stadsdelsområde, Stockholm, Stockholms kommun, Stockholms län, 116 37, Sverige",https://www.flashback.org/t2557575p2,0.56
f48d0e75d45d,Rätta,56.7085261,16.32425,"Rätta vägen, Vimpeltorpet, Kalmar, Kalmar kommun, Kalmar län, 393 61, Sverige",https://www.flashback.org/t2557575p2,0.56
de6fbaf0cba0,Dalarna,61.0603779,14.2151224,"Dalarnas län, Sverige",https://www.flashback.org/t2557575p2,0.48
10f8dd5d0522,Silvbergs,60.3611481,15.5007706,"Silvbergs kyrka, 461, W 653, Grängshammar, Säters kommun, Dalarnas län, 781 96, Sverige",https://www.flashback.org/t2557575p2,0.48
0ba03fbcb538,Kul,55.5992168,12.993202,"Simhallsbadet, Banérsgatan, Hästhagen, Innerstaden, Malmö, Malmö kommun, Skåne län, 211 48, Sverige",https://www.flashback.org/t2557575p2,0.56
75b94fcd04d1,Sån,51.5189287,-0.1602537,"Embassy of Sweden, 11, Montagu Place, Marylebone, City of Westminster, Greater London, England, W1H 2AL, United Kingdom",https://www.flashback.org/t2557575p2,0.56
cd623186280a,Hålet,58.7582866,11.6869389,"Hålet, Tanums kommun, Västra Götalands län, Sverige",https://www.flashback.org/t2557575p2,0.56
6f0b49293406,Gift,57.69844,11.958938,"Little things souvenir & gift shop, Haga Nygata, Haga, Centrum, Göteborg, Göteborgs Stad, Västra Götalands län, 412 96, Sverige",https://www.flashback.org/t2557575p2,0.68
93e684be6788,Stora,59.7138704,15.1357371,"Storå, Lindesbergs kommun, Örebro län, 711 76, Sverige",https://www.flashback.org/t2557575p2,0.68
29399d109343,Skissen,60.2968637,16.5600359,"Skissen, Avesta kommun, Dalarnas län, Sverige",https://www.flashback.org/t2557575p2,0.68
7a9a9335e97e,Schaktet,63.3874779,13.1464675,"Schaktet, Björnänge, Åre Björnen, Åre kommun, Jämtlands län, 837 91, Sverige",https://www.flashback.org/t2557575p2,0.68
04b32e9f195c,Tippar,59.4867453,18.4094686,"Tipparvägen, Skärgårdsstad, Österåkers kommun, Stockholms län, 184 70, Sverige",https://www.flashback.org/t2557575p2,0.68
b0922370700c,Polen,58.4902785,11.4560423,"Polen, Munkedals kommun, Västra Götalands län, Sverige",https://www.flashback.org/t3725204,1.0
d82ccd6c3696,Berget,58.063548,14.5170081,"Berget, Uppgränna, Gränna, Jönköpings kommun, Jönköpings län, Sverige",https://www.flashback.org/t750391,0.48
ed35766c9511,Barkarby,59.4051955,17.8643513,"Barkarby, Veddestavägen, Barkarby, Järfälla kommun, Sollentuna kommun, Stockholms län, 175 06, Sverige",https://www.flashback.org/t750391p2,0.72
c058d01249de,Danmark,59.8322934,17.744172,"Danmark, Uppsala kommun, Uppsala län, 754 55, Sverige",https://www.flashback.org/t750391,0.48
c34829a0b9c3,Till,59.3388532,18.0793072,"Frankrikes ambassad, Kommendörsgatan, Villastaden, Östermalm, Norra innerstadens stadsdelsområde, Stockholm, Stockholms kommun, Stockholms län, 114 44, Sverige",https://www.flashback.org/t3699472p2,0.56
092c6fedefd2,Tullinge,59.2067468,17.9051873,"Tullinge, Botkyrka kommun, Stockholms län, 146 30, Sverige",https://www.flashback.org/t750391p2,0.56
48f879a6e7cf,Saab Safir,58.4381693,15.5749499,"Saab Safir (Sk 50), E 4, Skäggetorp, Linköping, Linköpings kommun, Östergötlands län, 581 11, Sverige",https://www.flashback.org/t750391p2,0.56
6ac9ffc42dbd,Bromma,59.339769,17.9395411,"Bromma, Bromma stadsdelsområde, Stockholm, Stockholms kommun, Stockholms län, 168 76, Sverige",https://www.flashback.org/t750391,0.48
2d680440eff0,Gick,59.2820388,18.014863,"Här gick Göta Landsväg, Apelsinstigen, Älvsjö, Hägersten-Älvsjö stadsdelsområde, Stockholm, Stockholms kommun, Stockholms län, 125 80, Sverige",https://www.flashback.org/t435500,0.76
460e75d8ab92,Rummet,57.8029797,15.9417165,"Rummet, Vimmerby kommun, Kalmar län, 598 72, Sverige",https://www.flashback.org/t750391p2,0.64
a8de520ee8c9,Utanför,55.618536,13.036128,"E.ON Parkeringen utanför Wihlborgs, Brännögatan, Östra Hamnen, Norr, Malmö, Malmö kommun, Skåne län, 211 31, Sverige",https://www.flashback.org/t750391p2,0.64
490204263c5b,Trevligt,59.3251256,18.0691375,"Trångt & trevligt, Överskärargränd, Gamla stan, Södermalms stadsdelsområde, Stockholm, Stockholms kommun, Stockholms län, 111 28, Sverige",https://www.flashback.org/t750391p2,0.64
ac7182192238,Väntar,59.2087419,17.7323603,"Torpet Friokulla - Gå i piliens riktning till ängens slut. Där väntar en ny röd pil., Hallstavägen, Nytorp, Rönninge, Salems kommun, Stockholms län, 144 61, Sverige",https://www.flashback.org/t750391p2,0.64
79e921b4e6b3,Värnet,57.1872436,14.0373248,"Värnet, Värnamo, Värnamo kommun, Jönköpings län, 331 22, Sverige",https://www.flashback.org/t750391p2,0.64
22aef92a337d,Bulldog,60.6610205,12.9609891,"The French Bulldog In, Myrvägen, Dalby distrikt, Torsby kommun, Värmlands län, 680 60, Sverige",https://www.flashback.org/t750391p2,0.72
d86d2f110e00,Bör,57.1157565,14.1691755,"Bor, Stationsvägen, Bor, Värnamo kommun, Jönköpings län, 330 15, Sverige",https://www.flashback.org/t750391p2,0.72
13ae5525600b,Dock,57.7192763,11.9768027,"Dock 1, Kvillebäcken, Hisingen, Göteborg, Göteborgs Stad, Västra Götalands län, Sverige",https://www.flashback.org/t1413347,0.64
9dba213aed8b,Ville,59.3274942,18.0542148,"Stockholms stadshus, 1, Hantverkargatan, Kungsholmen, Kungsholmens stadsdelsområde, Stockholm, Stockholms kommun, Stockholms län, 111 52, Sverige",https://www.flashback.org/t750391p2,0.72
918c97ae95f8,Går,59.2945833,18.0776828,"Vi går till Marie, Konstgjutarvägen, Johanneshov, Enskede-Årsta-Vantörs stadsdelsområde, Stockholm, Stockholms kommun, Stockholms län, 121 44, Sverige",https://www.flashback.org/t435500,0.48
e0fbe4fe5594,Kilar,60.6041413,17.2209149,"Kilarvägen, Gävle kommun, Gävleborgs län, 805 92, Sverige",https://www.flashback.org/t750391p2,0.72
eb4c1d2dd4b3,Edit,57.687787,11.9794949,"Elektro-, Data- och IT-teknik, Hörsalsvägen, Johanneberg, Centrum, Göteborg, Göteborgs Stad, Västra Götalands län, 412 58, Sverige",https://www.flashback.org/t359143,0.84
0f7c62a05273,Stockholm,59.3251172,18.0710935,"Stockholm, Stockholms kommun, Stockholms län, 111 29, Sverige",https://www.flashback.org/t3074043p2,0.72
3ab7f41cbcbd,Vitsippsdalen,57.6823177,11.9550133,"Vitsippsdalen, Änggården, Centrum, Göteborg, Göteborgs Stad, Västra Götalands län, 413 46, Sverige",https://www.flashback.org/t3729252,0.56
7221700b4ec1,Göteborg,57.7072326,11.9670171,"Göteborg, Göteborgs Stad, Västra Götalands län, 411 10, Sverige",https://www.flashback.org/t19834,0.48
eb984dda2c47,Äventyr,57.72505,11.952557,"El-ge sportfiske & äventyr, Deltavägen, Backaplan, Kvillebäcken, Hisingen, Göteborg, Göteborgs Stad, Västra Götalands län, 417 30, Sverige",https://www.flashback.org/t3729252,0.56
2da8d91f81d6,Nyland,63.0085095,17.7570693,"Nyland, Ytterlännäs distrikt, Kramfors kommun, Västernorrlands län, 873 50, Sverige",https://www.flashback.org/t3618848,0.48
d37cda983bca,Väja,62.9782314,17.6926592,"Väja, Ytterlännäs distrikt, Kramfors kommun, Västernorrlands län, 873 50, Sverige",https://www.flashback.org/t3618848,0.48
80641b8d4d90,Kramfors,62.916667,17.666667,"Kramfors kommun, Västernorrlands län, Sverige",https://www.flashback.org/t3618848,0.56
ff9300959c00,Vart,59.3242841,18.1040474,"Vårt Afrika, Sollidsbacken, Djurgårdsstaden, Djurgården, Norra innerstadens stadsdelsområde, Stockholm, Stockholms kommun, Stockholms län, 115 21, Sverige",https://www.flashback.org/t3618848,0.56
6c0353b42d77,Inne,59.2724461,15.2162386,"CE inne ute, Engelbrektsgatan, Eklunda, Örebro, Örebro kommun, Örebro län, 702 12, Sverige",https://www.flashback.org/t3618848,0.72
95e2508e79bd,Mycket,59.224479,17.8056783,"Mycket svag stig, Skårdal, Tumba, Botkyrka kommun, Stockholms län, 147 43, Sverige",https://www.flashback.org/t359143,0.84
27e05b0e83ab,Där,59.3971477,13.3901915,"Där Söre, Önnerud, Karlstad, Karlstads kommun, Värmlands län, 653 46, Sverige",https://www.flashback.org/t359143,0.64
f468a6ce9342,Fan,58.6122492,11.5777344,"Fän, Skulestad, Munkedals kommun, Västra Götalands län, 457 61, Sverige",https://www.flashback.org/t3618848,0.72
badec5827f01,Sollefteå,63.383333,16.916667,"Sollefteå kommun, Västernorrlands län, Sverige",https://www.flashback.org/t2167471,0.72
05145121c97d,Bild,59.3124839,18.0664857,"Ileena Bild & Ram, Magnus Ladulåsgatan, Södermalm, Södermalms stadsdelsområde, Stockholm, Stockholms kommun, Stockholms län, 118 27, Sverige",https://www.flashback.org/t2167471,0.72
8d35c66b2b99,Väl,58.7384468,11.3171812,"Val, Tanumshede, Tanums kommun, Västra Götalands län, 457 30, Sverige",https://www.flashback.org/t3699472p2,0.56
3c88a47b0240,Andra,58.9695299,17.8337347,"Andra, Nynäshamns kommun, Stockholms län, 148 70, Sverige",https://www.flashback.org/t2167471,0.72
d7594c697b6a,Försvarets,59.3319094,17.8550853,"Försvarets radioanstalt, Vilan, Drottningholm, Ekerö kommun, Sundbybergs kommun, Stockholms län, Sverige",https://www.flashback.org/t2167471,0.72
e1b4aae02924,Nätet,63.6942746,20.3774688,"Nätet, Holmsunds Distrikt, Holmsund, Umeå kommun, Västerbottens län, Sverige",https://www.flashback.org/t2167471,0.72
78e97effe3de,Sverige,59.3382751,18.0718928,"Kungliga biblioteket, Humlegårdsgatan, Eriksberg, Östermalm, Norra innerstadens stadsdelsområde, Stockholm, Stockholms kommun, Stockholms län, 111 42, Sverige",https://www.flashback.org/t2167471,0.72
01a765068cb8,Många,63.3968195,12.9126768,"Mångåvägen, Duved, Åre kommun, Jämtlands län, 837 72, Sverige",https://www.flashback.org/t2167471,0.72
063c429f5857,Stor,58.1610129,13.5546725,"Storgatan, Gamla stan, Falköpings distrikt, Falköping, Falköpings kommun, Västra Götalands län, 521 42, Sverige",https://www.flashback.org/t2167471,0.72
287176e78d29,Sveriges,58.5812314,16.1480899,"Sveriges meteorologiska och hydrologiska institut, 1, Folkborgsvägen, Klockaretorpet, Norrköping, Norrköpings kommun, Östergötlands län, 601 76, Sverige",https://www.flashback.org/t2167471,0.72
9b9abea2a503,Bra,59.3534458,17.9569837,"BRA, Köpsvängen, Bromma Blocks, Ulvsunda industriområde, Bromma stadsdelsområde, Stockholm, Stockholms kommun, Stockholms län, 168 67, Sverige",https://www.flashback.org/t2167471,0.56
5c093c12f54e,Sibylla,65.6170152,22.0467766,"Sibylla, Storheden, Luleå, Luleå kommun, Norrbottens län, 973 45, Sverige",https://www.flashback.org/t2167471,0.48
01b881f5675c,Spannsjön,58.3785965,13.6021894,"Spånnsjön, Tranum, Norra Lundby distrikt, Axvall, Skara kommun, Västra Götalands län, Sverige",https://www.flashback.org/t2167471,0.48
3e544198db86,Skylt,57.7402833,14.1297253,"Skyltgatan, Hagaberg, Jönköping, Jönköpings kommun, Jönköpings län, 556 27, Sverige",https://www.flashback.org/t2167471p2,0.64
cf251b3e8bdd,Fältet,59.3027943,14.1016709,"Fältet, Kristinehamn, Kristinehamns kommun, Värmlands län, 681 80, Sverige",https://www.flashback.org/t2167471p2,0.64
8ab229a1f4bb,Han,61.5380854,12.7547415,"Hån, Älvdalens kommun, Dalarnas län, Sverige",https://www.flashback.org/t2167471p2,0.64
bfa9be7dd0ff,Skön,62.4306031,17.3326179,"Sköns distrikt, Sundsvalls kommun, Västernorrlands län, Sverige",https://www.flashback.org/t2167471p2,0.72
69f96e90dee3,Vid,58.5037196,13.1576427,"Lidköping, Lidköpings kommun, Västra Götalands län, 531 31, Sverige",https://www.flashback.org/t19834p2,0.84
1ec975ec023b,Längre,66.7881894,21.725119,"Kopelovaaravägen längre, Gällivare kommun, Norrbottens län, Sverige",https://www.flashback.org/t2167471p2,0.72
651c663c3ce7,Harry,57.7049897,11.9709437,"Harry Hjörnes Plats, Nordstaden, Inom Vallgraven, Centrum, Göteborg, Göteborgs Stad, Västra Götalands län, 411 07, Sverige",https://www.flashback.org/t2167471p2,0.72
d4a0963b96a3,Norrland,62.9210854,17.8939322,"Norrland, Lugnvik, Bjärtrå distrikt, Kramfors kommun, Västernorrlands län, 872 64, Sverige",https://www.flashback.org/t2167471p2,0.72
aa35faf56801,Loudden,59.3411451,18.1344991,"Loudden, Lidingöbro, Ladugårdsgärdet, Norra innerstadens stadsdelsområde, Stockholm, Stockholms kommun, Stockholms län, 115 27, Sverige",https://www.flashback.org/t3729743,0.56
17c72ea2b09c,Gärdet,59.3458768,18.0988773,"Gärdet, Rindögatan, Gärdeshöjden, Ladugårdsgärdet, Norra innerstadens stadsdelsområde, Stockholm, Stockholms kommun, Stockholms län, 115 35, Sverige",https://www.flashback.org/t3729743,0.56
f9d9e4b581eb,Tariq,58.3261627,15.1271794,"Tariq's Barbershop, Jerikodalsgatan, Mjölby, Mjölby kommun, Östergötlands län, 595 41, Sverige",https://www.flashback.org/t3729743,0.56
0e96b2301e99,Beckholmen,59.3207601,18.1000047,"Beckholmen, Djurgården, Norra innerstadens stadsdelsområde, Stockholm, Stockholms kommun, Stockholms län, Sverige",https://www.flashback.org/t3729743,0.56
626d3278f882,Skriv,55.6394104,13.7317163,"Skrivgatan, Lillås gård, Sjöbo, Sjöbo kommun, Skåne län, 275 34, Sverige",https://www.flashback.org/t3729743,0.56
5a03387070d9,Prada,59.3343091,18.0741129,"Prada, Mäster Samuelsgatan, Klara, Norrmalm, Norra innerstadens stadsdelsområde, Stockholm, Stockholms kommun, Stockholms län, 111 46, Sverige",https://www.flashback.org/t435500,0.76
56e0be61b2fb,Lars,55.6077303,13.0178701,"Lars, Slussen, Norr, Malmö, Malmö kommun, Skåne län, Sverige",https://www.flashback.org/t435500,0.76
1da35de9548d,Lund,55.7029296,13.1929449,"Lund, Lunds kommun, Skåne län, Sverige",https://www.flashback.org/t435500,0.48
5ef4d3c2d455,Ravinen,58.6583633,16.1495037,"Ravinen, Kvillinge församling, Norrköping, Norrköpings kommun, Östergötlands län, 616 34, Sverige",https://www.flashback.org/t435500,0.48
3a3f6cdc0030,Sydsvenskan,55.5951498,13.0006164,"Sydsvenskan, Rådmansgatan, Rådmansvången, Norr, Malmö, Malmö kommun, Skåne län, 205 05, Sverige",https://www.flashback.org/t435500,0.48
787db2406f82,Värpinge,55.7052606,13.1515086,"Värpinge, Värpinge by, Väster, Lund, Lunds kommun, Skåne län, Sverige",https://www.flashback.org/t435500,0.48
5ffad2178258,Lite,58.4848096,13.0246155,"Odla lite, Örslösa distrikt, Lidköpings kommun, Västra Götalands län, 531 96, Sverige",https://www.flashback.org/t435500,0.48
a913caf34d6b,Nova Lund,55.7140074,13.1597728,"Nova Lund, 10, Företagsvägen, Pilsåker, Värpinge by, Väster, Lund, Lunds kommun, Skåne län, 227 61, Sverige",https://www.flashback.org/t435500,0.48
11c0171df6c7,Arlöv,55.6378013,13.0777501,"Arlöv, Malmö, Burlövs kommun, Skåne län, 232 34, Sverige",https://www.flashback.org/t435500p2,0.56
b44e36f3dbc7,Sen,36.2049349,-86.6178311,"Sweden Drive, Hermitage, Nashville, Davidson County, Middle Tennessee, Tennessee, 37076, United States",https://www.flashback.org/t1421697p2,0.64
efe52e9e0afc,Mitt,59.3351289,18.0538261,"Mitt hjärta i världen, Norra Bantorget, Klara, Norrmalm, Norra innerstadens stadsdelsområde, Stockholm, Stockholms kommun, Stockholms län, 111 23, Sverige",https://www.flashback.org/t3699472p2,0.56
37613ac3a107,Inga,55.5884536,13.0044021,"Inga Marie Nilssons gata, Allmänna Sjukhuset, Innerstaden, Malmö, Malmö kommun, Skåne län, 205 01, Sverige",https://www.flashback.org/t3699472p2,0.56
f40cc54afc97,Rörsystem,58.0217997,11.8428909,"Weldac Rörsystem AB, 10, Vallenvägen, Berg, Dyrtorp, Stora Höga, Stenungsunds kommun, Västra Götalands län, 444 39, Sverige",https://www.flashback.org/t3699472p2,0.56
d6374ec07198,Systemet,57.6403906,18.2967128,"Systemet, Stora Torget, Hansestaden Visby, Hällarna, Visby, Gotlands kommun, Gotlands län, 621 56, Sverige",https://www.flashback.org/t3699472p2,0.56
9cb54b089eb8,Tja,65.8200331,19.3447445,"Tjappsåive, BD 640, Tjappsåive, Arvidsjaurs kommun, Norrbottens län, Sverige",https://www.flashback.org/t3725204,0.56
320d9589f5a2,Öst,59.3465554,18.0706402,"Stockholms östra, Valhallavägen, Ruddammen, Norra Djurgården, Norra innerstadens stadsdelsområde, Stockholm, Stockholms kommun, Stockholms län, 100 41, Sverige",https://www.flashback.org/t3725204,0.56
7debd1a7c754,Tyskland,58.873764,13.2484175,"Tyskland, Säffle kommun, Värmlands län, Sverige",https://www.flashback.org/t3725204p2,0.48
884e63d2c099,Parken,56.5124346,13.3781929,"Parken, Laholms kommun, Hallands län, 312 51, Sverige",https://www.flashback.org/t3725204,0.64
be5d3db0ee40,Dynamit-,57.8603354,12.2826444,"Austin Sverige AB, Norra Aggetorp, Stora Lundby distrikt, Lerums kommun, Västra Götalands län, Sverige",https://www.flashback.org/t3725204,1.0
f9d020697ca4,Företaget,55.7146435,13.1586918,"Företaget, Pilsåker, Väster, Lund, Lunds kommun, Skåne län, 227 61, Sverige",https://www.flashback.org/t3725204,1.0
cf34a2276028,Alfred Nobel,59.3323919,18.1003242,"Alfred Nobel, Nobelgatan, Östermalm, Norra innerstadens stadsdelsområde, Stockholm, Stockholms kommun, Stockholms län, 115 27, Sverige",https://www.flashback.org/t3725204,1.0
22a9c8692c37,Nobels,59.3266137,14.5237995,"Alfred Nobels torg, Karls-Åby, Karlskoga, Karlskoga kommun, Örebro län, Sverige",https://www.flashback.org/t3725204,1.0
d1c5cc45c800,Europa,59.3254265,18.0730097,"Europa, Gamla stan, Södermalms stadsdelsområde, Stockholm, Stockholms kommun, Stockholms län, 111 31, Sverige",https://www.flashback.org/t3725204,1.0
90af158f6dd4,Rostock,57.9083333,12.0085778,"Rostock, Diseröd, Kungälvs kommun, Västra Götalands län, 442 49, Sverige",https://www.flashback.org/t3725204p2,0.76
6211d05c4c4b,V-vapen,58.8922187,14.9200368,"Vapenvägen, Lustenrust, Askersund, Askersunds kommun, Örebro län, 696 33, Sverige",https://www.flashback.org/t3725204p2,0.76
cfb6308e4601,Museum,43.2144202,-77.936377,"Emily L. Knapp Museum, 49, State Street, Village of Brockport, Town of Sweden, Monroe County, New York, 14420, United States",https://www.flashback.org/t3725204p2,0.76
e6a16bc5cc9c,Idag,60.39474,15.120059,"Vad saknas i södra Norrlands skogar idag?, Pensionärsleden, Borlänge kommun, Dalarnas län, Sverige",https://www.flashback.org/t3725204p2,0.76
d7ed8d50dca6,Frankrike,59.8787303,17.8097767,"Frankrike, Halmby, Uppsala, Uppsala kommun, Uppsala län, 741 52, Sverige",https://www.flashback.org/t3725204p2,0.48
79728482494c,Taket,58.6816864,16.1042671,"Stora taket, Kvillinge församling, Norrköping, Norrköpings kommun, Östergötlands län, 605 99, Sverige",https://www.flashback.org/t3725204p2,0.48
033e275f2cc7,Största,61.3757116,15.8378909,"Världens största pinnstol, Karlsvägen, Edsbyn, Ovanåkers kommun, Gävleborgs län, 828 34, Sverige",https://www.flashback.org/t3725204p2,0.48
6887f350c001,Bremen,59.3497333,18.1013511,"Bremen, Gärdeshöjden, Ladugårdsgärdet, Norra innerstadens stadsdelsområde, Stockholm, Stockholms kommun, Stockholms län, 115 40, Sverige",https://www.flashback.org/t3725204p2,0.48
0efd1db0ba21,Sedan,59.9196534,18.9156984,"Barnens Ö Krog (Stängt sedan år 2022), Simpnäsvägen, Granö, Norrtälje kommun, Stockholms län, 760 40, Sverige",https://www.flashback.org/t347489,0.76
60b6b77fe1a6,Öster,55.5799944,13.0891093,"Öster, Oxie, Malmö kommun, Skåne län, Sverige",https://www.flashback.org/t3725204p2,0.52
a52eff1470d6,Berlin,59.3459014,17.6185586,"Berlin, Ekeby, Ekerö kommun, Stockholms län, 179 97, Sverige",https://www.flashback.org/t3725204p2,0.52
f0c36ac8e30d,Tysklands,59.334404,18.1063627,"Tysklands ambassad, Skarpögatan, Östermalm, Norra innerstadens stadsdelsområde, Stockholm, Stockholms kommun, Stockholms län, 115 27, Sverige",https://www.flashback.org/t3725204p2,0.52
9fdfec513964,Kymlinge,59.3950069,17.9650157,"Kymlinge, Sundbybergs kommun, Stockholms län, Sverige",https://www.flashback.org/t3074043,0.84
2007cba71bca,Tunnelbanan,59.358026,18.0063923,"Nya Tunnelbanan, Skytteholm, Solna, Solna kommun, Stockholms län, Sverige",https://www.flashback.org/t2225405,0.56
c43dd871d07b,Kör,59.4277368,16.1016318,"Kungsör, Järnvägsgatan, Norra Kungsladugården, Kungsör, Kungsörs kommun, Västmanlands län, 736 32, Sverige",https://www.flashback.org/t2225405,0.56
c086ecacee37,Järva Krog,59.3792705,18.0090103,"Järva Krog, Järva, Solna, Solna kommun, Stockholms län, 170 66, Sverige",https://www.flashback.org/t2225405,0.64
0f9f3429aae1,Solnas,55.5266422,12.9704773,"Solnäs, Västra Klagstorp, Väster, Skumparp, Malmö kommun, Skåne län, 218 46, Sverige",https://www.flashback.org/t2225405,0.64
1d6f89b95459,Läst,59.2439023,18.2319772,"Lastplats, Bollmora, Tyresö kommun, Stockholms län, Sverige",https://www.flashback.org/t2225405,0.64
565e27ae0e93,Bygget,61.7822263,14.92916,"Bygget, Ljusdals kommun, Gävleborgs län, Sverige",https://www.flashback.org/t2225405,0.64
8a1da91da9a5,Roadrunner,59.3981529,13.4964716,"Roadrunner, Infanterigatan, Södra Råtorp, Sandbäcken, Karlstad, Karlstads kommun, Värmlands län, 653 48, Sverige",https://www.flashback.org/t2225405,0.64
3fbd75233ce0,City,59.270016,15.2153483,"City, Nygatan, Eklunda, Örebro, Örebro kommun, Örebro län, 702 12, Sverige",https://www.flashback.org/t2225405,0.64
92d930503ddc,Sjöfartsverket,58.5915746,16.1988155,"Sjöfartsverket, 7, Östra Promenaden, Sylten, Norrköping, Norrköpings kommun, Östergötlands län, 601 78, Sverige",https://www.flashback.org/t2225405,0.64
627cde291a73,Norrköping,58.5909124,16.1903511,"Norrköping, Norrköpings kommun, Östergötlands län, 602 27, Sverige",https://www.flashback.org/t2225405,0.64
eeab3b4b4009,Gävle,60.6750132,17.1467019,"Gävle, Gävle kommun, Gävleborgs län, Sverige",https://www.flashback.org/t2225405,0.64
206f960a629a,Rinkeby,59.3882541,17.9283805,"Rinkeby, Rinkebytorget, Rinkeby, Järva stadsdelsområde, Stockholm, Stockholms kommun, Stockholms län, 163 73, Sverige",https://www.flashback.org/t2225405,0.64
db1f6bc0463b,Vilken,58.8411765,11.0305315,"Vilken, Strömstads kommun, Västra Götalands län, Sverige",https://www.flashback.org/t2225405,0.72
fe5f00c74339,Kista,59.4031236,17.9424221,"Kista, Danmarksgatan, Kista, Järva stadsdelsområde, Stockholm, Stockholms kommun, Stockholms län, 164 53, Sverige",https://www.flashback.org/t3074043,0.84
9304eb67806d,Josephine,59.2932164,18.0598187,"Cafe Josephine Baker, 20, Kassörsgränd, Rösträknaren, Östberga, Årsta, Enskede-Årsta-Vantörs stadsdelsområde, Stockholm, Stockholms kommun, Stockholms län, 120 47, Sverige",https://www.flashback.org/t2225405,0.72
f9d951399a01,Puss,60.3581099,15.1709068,"Saras puss, Borlänge kommun, Dalarnas län, Sverige",https://www.flashback.org/t2225405,0.64
c5e0999f6334,Din,57.0571869,12.2710848,"Din X Sjömack, Träslövsläge, Varbergs kommun, Hallands län, 432 75, Sverige",https://www.flashback.org/t2225405,0.64
00616fcaee63,Tar,59.8602852,17.629645,"Cafe Tar, Sysslomansgatan, Främre Luthagen, Fjärdingen, Uppsala, Uppsala kommun, Uppsala län, 753 11, Sverige",https://www.flashback.org/t2225405,0.72
eb9a43c51d8a,Tog,56.1069278,12.7565135,"Tögatan, Fleningetorp, Ödåkra, Helsingborgs kommun, Skåne län, 254 75, Sverige",https://www.flashback.org/t2225405,0.72
033a221f4cac,Karta,58.8907379,17.730025,"Karta, Nynäshamns kommun, Stockholms län, Sverige",https://www.flashback.org/t2225405,0.72
e6c4698b02d6,Tänk,63.8175302,20.2492504,"Tankvägen, Väst-Teg, Teg, Umeå, Umeå kommun, Västerbottens län, 904 32, Sverige",https://www.flashback.org/t2225405,0.72
7e055def87e5,Ofta,59.3385369,18.0567824,"Skurkar döljer sig ofta under en godmodig, bullrande stortalighet, Drottninggatan, Norrmalm, Norra innerstadens stadsdelsområde, Stockholm, Stockholms kommun, Stockholms län, 111 60, Sverige",https://www.flashback.org/t2225405,0.72
e0f958ce95ec,Hallonbergen,59.3744594,17.969111,"Hallonbergen, Lötsjövägen, Hallonbergen, Sundbybergs kommun, Stockholms län, 174 52, Sverige",https://www.flashback.org/t3074043,0.84
6ea063a63ad8,Akta,59.3760848,13.4344351,"Monséns Äkta Mattor AB, 7, Bergviksvägen, Katrineberg, Karlstad, Karlstads kommun, Värmlands län, 653 46, Sverige",https://www.flashback.org/t2225405,0.72
fce840d5b9a0,Kallas,58.9292885,12.6303741,"Kallas, Slädekärr, Åmåls kommun, Västra Götalands län, 662 98, Sverige",https://www.flashback.org/t1421697,0.52
9923b4f2ccf3,Sankta Maria,59.3183375,18.0679296,"Sankta Maria, Södermalm, Södermalms stadsdelsområde, Stockholm, Stockholms kommun, Stockholms län, 118 47, Sverige",https://www.flashback.org/t1421697,0.76
6ec5145c2549,Helsingborgs,56.083333,12.75,"Helsingborgs kommun, Skåne län, Sverige",https://www.flashback.org/t1421697,0.76
e6568861a6fc,Minns,59.2448271,17.8966485,"Ingen minns en fegis, Loviseberg, Huddinge kommun, Stockholms län, 143 32, Sverige",https://www.flashback.org/t1421697p2,0.56
bdb2fe65ca87,Stället,57.1822014,13.1152498,"Stället, Svenljunga kommun, Västra Götalands län, Sverige",https://www.flashback.org/t1421697p2,0.56
45c5529cfdda,Maria,56.0759768,12.710587,"Maria, Maria Stationsgata, Mariastaden, Helsingborg, Helsingborgs kommun, Skåne län, 254 47, Sverige",https://www.flashback.org/t1421697p2,0.52
903bb524800f,Hussar,33.3790427,-81.1351006,"Sweden, Bamberg County, South Carolina, United States",https://www.flashback.org/t1421697p2,0.64
da77a45851ec,Nja,65.5553258,22.2044253,"NJA-leden, Svartöstan, Luleå, Luleå kommun, Norrbottens län, 974 37, Sverige",https://www.flashback.org/t1421697p2,0.64
6e83084957c6,Kyrkan,63.9567958,13.0884504,"Kyrkan, Åre kommun, Jämtlands län, Sverige",https://www.flashback.org/t1421697p2,0.64
a91c289f19fa,Hittarp,56.0983313,12.6388067,"Hittarp, Helsingborgs kommun, Skåne län, 252 85, Sverige",https://www.flashback.org/t1421697p2,0.64
009b79d8eac1,Sofiero,58.3365893,13.8508968,"Sofiero, Sjogerstad-Rådene distrikt, Skultorp, Skövde kommun, Västra Götalands län, 541 57, Sverige",https://www.flashback.org/t1421697p2,0.64
0b7b0d2dd355,Dom,59.3172663,18.054891,"Dom, Krukmakargatan, Zinkensdamm, Södermalm, Södermalms stadsdelsområde, Stockholm, Stockholms kommun, Stockholms län, 118 21, Sverige",https://www.flashback.org/t19834p2,0.84
c3d36182c8a4,Helsingborg,56.0442098,12.703706,"Helsingborg, Helsingborgs kommun, Skåne län, 252 68, Sverige",https://www.flashback.org/t1421697p2,0.56
67b15bd78a68,Bor,57.1157565,14.1691755,"Bor, Stationsvägen, Bor, Värnamo kommun, Jönköpings län, 330 15, Sverige",https://www.flashback.org/t1421697p2,0.56
9b8e598d27ce,Mölndal,57.6564918,12.0153085,"Mölndal, Mölndals kommun, Västra Götalands län, 431 30, Sverige",https://www.flashback.org/t347489,0.76
0af52a564b18,Axgatan,57.658599,11.9846202,"Axgatan, Bifrost, Pedagogen Park, Solängen, Mölndal, Mölndals kommun, Västra Götalands län, 431 44, Sverige",https://www.flashback.org/t347489,0.76
2cff4299c3a8,Västkusten,60.2703126,15.9564302,"Västkusten, Hedemora, Hedemora kommun, Dalarnas län, 776 34, Sverige",https://www.flashback.org/t347489p2,0.64
192c4b8884df,Läs,62.7966227,17.7910983,"Lås, Högsjö distrikt, Härnösands kommun, Västernorrlands län, 870 16, Sverige",https://www.flashback.org/t347489p2,0.48
2346bd38169d,Svalan,62.6289316,17.9209232,"Svalan, Gådeåstaden, Härnösand, Härnösands domkyrkodistrikt, Härnösands kommun, Västernorrlands län, Sverige",https://www.flashback.org/t347489p2,0.48
fea114f33bbb,Försvarsmakten,59.3465889,18.0892458,"Försvarsmakten, Ladugårdsgärdet, Norra innerstadens stadsdelsområde, Stockholm, Stockholms kommun, Stockholms län, Sverige",https://www.flashback.org/t347489p2,0.48
a39f9c216ca4,Karlskrona,56.1621073,15.5866422,"Karlskrona, Karlskrona kommun, Blekinge län, 371 14, Sverige",https://www.flashback.org/t1413347,0.64
4aafb7c3f2f3,Riksantikvarieämbetet,57.6307205,18.305776,"Riksantikvarieämbetet, 33 A, Artillerigatan, Länna, Furulund, Visby, Gotlands kommun, Gotlands län, 621 38, Sverige",https://www.flashback.org/t1413347,0.64
598bece349d9,Ramdala,56.1836461,15.7665043,"Ramdala, Karlskrona kommun, Blekinge län, 373 52, Sverige",https://www.flashback.org/t1413347,0.64
d03096a7e2a2,Lösen,56.1978674,15.6954351,"Lösen, Karlskrona kommun, Blekinge län, 371 61, Sverige",https://www.flashback.org/t1413347,0.64
1fc5bd3c95ff,Flakulla,56.2798948,15.8826566,"Flakulla, Ulvahallarna, Karlskrona kommun, Blekinge län, Sverige",https://www.flashback.org/t1413347,0.64
dc685a444074,Lummelunda,57.7698381,18.4548023,"Lummelunda, Visby, Gotlands kommun, Gotlands län, Sverige",https://www.flashback.org/t359143,0.96
04b700be160a,Efter,59.2933451,17.9773277,"Efter badet, Skridskovägen, Västertorp, Hägersten-Älvsjö stadsdelsområde, Stockholm, Stockholms kommun, Stockholms län, 129 49, Sverige",https://www.flashback.org/t359143,0.64
391c3a258cca,Gotlands,57.6480017,18.5952952,"Gotlands län, Sverige",https://www.flashback.org/t359143,0.96
8aaf1df7a91a,Visby,57.6379361,18.297982,"Visby, Gotlands kommun, Gotlands län, 621 45, Sverige",https://www.flashback.org/t359143,0.96
788260c3b0db,Längs,59.3253557,18.0659971,"Breddning av cykelbanan längs Riddarholmskanalen, Gamla stan, Södermalms stadsdelsområde, Stockholm, Stockholms kommun, Stockholms län, Sverige",https://www.flashback.org/t359143,0.96
45e6b3e9fd95,Ryssland,59.0086774,13.979553,"Ryssland, Amnehärads distrikt, Gullspångs kommun, Västra Götalands län, Sverige",https://www.flashback.org/t359143,0.84
07c2f9391db4,Gotland,57.4174802,18.5369579,"Gotland, Sverige",https://www.flashback.org/t359143,0.84
c608f06f250e,Lyckas,57.4870519,12.9978302,"Lyckås, Svenljunga kommun, Västra Götalands län, 512 92, Sverige",https://www.flashback.org/t359143,0.84
985e75dd5f67,Ägaren,59.393966,16.5037411,"Ägaren, Helgestahill, Hälltorp, Eskilstuna, Eskilstuna kommun, Södermanlands län, Sverige",https://www.flashback.org/t359143,0.84
ef863608f02e,Grannen,55.6055065,13.0263175,"Café Grannen, Östervärnsgatan, Östervärn, Norr, Malmö, Malmö kommun, Skåne län, 200 22, Sverige",https://www.flashback.org/t359143,0.84
c3573e09b31c,Polisen,58.293929,12.3082759,"Polisen, Hjulkvarn, Trollhättan, Trollhättans kommun, Västra Götalands län, Sverige",https://www.flashback.org/t359143,0.84
79ac18d79f58,Säger,59.3287658,18.0672833,"Sagerska huset, Strömgatan, Klara, Norrmalm, Norra innerstadens stadsdelsområde, Stockholm, Stockholms kommun, Stockholms län, 101 23, Sverige",https://www.flashback.org/t359143,0.84
94088622dcb6,Saab,59.3559083,17.969492,"Saab, 10, Solna strandväg, Nöten, Västra skogen, Huvudsta, Solna, Solna kommun, Stockholms län, 172 38, Sverige",https://www.flashback.org/t359143,0.84
4689a4c76d32,Turbo,60.2524609,15.8537123,"Turbo, Hedemora kommun, Dalarnas län, 776 95, Sverige",https://www.flashback.org/t359143,0.84
6fc1f168fc1d,Kilafors,61.228627,16.5671181,"Kilafors, Bollnäs kommun, Gävleborgs län, 823 30, Sverige",https://www.flashback.org/t359143,0.56
243177716519,Sprang,59.6167172,16.5220454,"Spränggränd, Pettersberg, Västerås, Västerås kommun, Västmanlands län, 724 63, Sverige",https://www.flashback.org/t359143,0.56
7dd4cedb0894,Åkte,63.8564198,13.9537504,"Storskrivaren, Krokoms kommun, Jämtlands län, Sverige",https://www.flashback.org/t359143,0.64
ec378c4f9f2e,Strax,61.6208434,12.4591216,"roligt körstråk i skogsluting strax nedanför fjället (snöskoter), Älvdalens kommun, Dalarnas län, Sverige",https://www.flashback.org/t359143,0.64
04447681caab,Salthamn,57.7305092,18.3999257,"Salthamn, Lummelunds Bruk, Visby, Gotlands kommun, Gotlands län, Sverige",https://www.flashback.org/t359143,0.48
a71fc5c4082e,Vildsvin,64.5814335,18.6686,"Vildsvin, Brännbergsvägen, Jonsta, Lycksele, Lycksele kommun, Västerbottens län, 921 36, Sverige",https://www.flashback.org/t359143,0.48
4697ce2585d4,Lodjur,56.6717544,16.4908539,"Lodjur, Röhällavägen, Möllstorp, Färjestaden, Mörbylånga kommun, Kalmar län, 386 33, Sverige",https://www.flashback.org/t359143,0.48
57f49520cbd4,Sumpans,59.3628378,17.9785506,"Sumpans biltvätt, Götgatan, Centrala Sundbyberg, Sundbybergs kommun, Stockholms län, 172 30, Sverige",https://www.flashback.org/t3074043,0.84
cad937b18f6a,Tack,59.1344583,14.3805861,"Tack, Höjdebråten, Åtorp, Degerfors kommun, Örebro län, Sverige",https://www.flashback.org/t3074043,0.76
41c9379b25a7,Klassiker,57.7328907,11.9698467,"Klassikergatan, Brunnsbo, Hisingen, Göteborg, Göteborgs Stad, Västra Götalands län, 422 41, Sverige",https://www.flashback.org/t3074043,0.56
82646f7fade3,Några,55.5511897,13.0119536,"Lär känna några fladdermöss i Lindängelund, Katrinetorpsstigen, Lindängen, Söder, Malmö, Malmö kommun, Skåne län, 215 74, Sverige",https://www.flashback.org/t3074043,0.84
79b89838e574,Grusplanen,56.9135081,12.4946939,"Grusplanen, Murarevägen, Falkenberg, Falkenbergs kommun, Hallands län, 311 39, Sverige",https://www.flashback.org/t3074043,0.84
5b3682ab51a2,Stationen,59.8586998,17.6459474,"Stationen, 6, Olof Palmes plats, Vaksalastaden, Centrum, Uppsala, Uppsala kommun, Uppsala län, 753 19, Sverige",https://www.flashback.org/t3074043,0.84
5464d389dbbe,Tåg,57.6788528,14.0871537,"Taberg, Västra Järnvägsgatan, Bråten, Taberg, Jönköpings kommun, Jönköpings län, 562 42, Sverige",https://www.flashback.org/t3074043,0.56
9df43cb70005,Sös,63.4007449,13.0752482,"SOS, 115, Årevägen, Totten, Åre, Åre kommun, Jämtlands län, 837 52, Sverige",https://www.flashback.org/t3074043,0.88
eed26a9b0395,Stege,59.3028504,17.9504063,"Jakobs Stege, Mälarhöjden, Hägersten-Älvsjö stadsdelsområde, Stockholm, Stockholms kommun, Stockholms län, 129 40, Sverige",https://www.flashback.org/t3074043,0.88
3c966682d8ed,Årstadal,59.3058686,18.0255385,"Årstadal, Förmansvägen, Liljeholmen, Hägersten-Älvsjö stadsdelsområde, Stockholm, Stockholms kommun, Stockholms län, 117 59, Sverige",https://www.flashback.org/t3074043p2,0.72
54512f3ba429,Eli,59.3151666,18.0903047,"Eli, Erstagatan, Södermalm, Södermalms stadsdelsområde, Stockholm, Stockholms kommun, Stockholms län, 116 36, Sverige",https://www.flashback.org/t3074043p2,0.6
a855a42b81bc,Dit,58.4102167,15.6210944,"Galleri Hit & Dit, 4, Torggatan, Kanberget, Vasastaden, Linköpings domkyrkodistrikt, Linköping, Linköpings kommun, Östergötlands län, 582 19, Sverige",https://www.flashback.org/t3074043p2,0.68
559afe2a12b7,Hammarbyhöjden,59.294805,18.1043275,"Hammarbyhöjden, Tidaholmsplan, Hammarbyhöjden, Skarpnäcks stadsdelsområde, Stockholm, Stockholms kommun, Stockholms län, 121 39, Sverige",https://www.flashback.org/t3074043p2,0.72
7574387aca34,Prästgårdsängen,56.6322313,16.1613221,"Prästgårdsängen, Ljungby, Ljungbyholm, Kalmar kommun, Kalmar län, Sverige",https://www.flashback.org/t19834,0.68
146b0a3e7d1b,Örgryte Hotel,57.7093224,12.0070724,"Hotel Örgryte, 70, Danska Vägen, Prästgårdsängen, Lunden, Centrum, Göteborg, Göteborgs Stad, Västra Götalands län, 416 59, Sverige",https://www.flashback.org/t19834,0.68
be0bbedb5c7d,Ryaverket,57.7293719,12.9292368,"Ryaverket, Norrby, Borås, Borås kommun, Västra Götalands län, Sverige",https://www.flashback.org/t19834p2,0.48
74a5fde22870,Göta,58.1080405,12.1497805,"Göta, Lilla Edets kommun, Västra Götalands län, 465 35, Sverige",https://www.flashback.org/t19834p2,0.48
310a667f4625,Hisingen,57.7738974,11.9017403,"Hisingen, Västra Götalands län, Sverige",https://www.flashback.org/t19834p2,0.48
1fdd476e6d7a,Kortedala,57.7491098,12.0335589,"Kortedala, Södra Kortedala, Nordost, Göteborg, Göteborgs Stad, Västra Götalands län, 415 08, Sverige",https://www.flashback.org/t19834p2,0.84
78660866684d,SKF,57.7280815,12.0135909,"SKF HK-3, 1, Hornsgatan, Kviberg, Gamlestaden, Nordost, Göteborg, Göteborgs Stad, Västra Götalands län, 415 50, Sverige",https://www.flashback.org/t19834p2,0.84
b88c7ae9d237,Från,60.0909615,14.1356329,"Utlopp från Oforsens kraftverk, Filipstads kommun, Värmlands län, Sverige",https://www.flashback.org/t19834p2,0.84
80230a9167bf,Chalmers,57.6897462,11.9765259,"Chalmers Tekniska Högskola, Teknikgatan, Lindholmshamnen, Lindholmen, Hisingen, Göteborg, Göteborgs Stad, Västra Götalands län, 417 53, Sverige",https://www.flashback.org/t19834p2,0.84
7d4009888805,Majorna,57.6912652,11.9220376,"Majorna, Centrum, Göteborgs Stad, Västra Götalands län, Sverige",https://www.flashback.org/t19834p2,0.84
468a71468d93,Mariaplan,57.6870182,11.9215751,"Mariaplan, Kungsladugård, Centrum, Göteborg, Göteborgs Stad, Västra Götalands län, 414 71, Sverige",https://www.flashback.org/t19834p2,0.84
d543a60cad5d,Såna,60.0490067,18.6000705,"Sanavägen, Hallstalund, Hallstavik, Norrtälje kommun, Stockholms län, 763 21, Sverige",https://www.flashback.org/t19834p2,0.84
ac057043b545,Gårda,57.7076306,11.9919384,"Gårda, Stampen, Centrum, Göteborg, Göteborgs Stad, Västra Götalands län, 402 24, Sverige",https://www.flashback.org/t19834p2,0.84
ad5c06985fa3,Ullevi,57.7059197,11.9873276,"Ullevi, Ingemar Johanssons Plats, Heden, Centrum, Göteborg, Göteborgs Stad, Västra Götalands län, 402 25, Sverige",https://www.flashback.org/t19834p2,0.84
e0d0b3e20ff9,Bergsjön,57.7558434,12.0607626,"Bergsjön, Östra Bergsjön, Nordost, Göteborg, Göteborgs Stad, Västra Götalands län, 415 18, Sverige",https://www.flashback.org/t19834p2,0.84
7fbf3422def5,Bellevue,55.5903197,12.9514792,"Bellevue, Väster, Malmö, Malmö kommun, Skåne län, 216 18, Sverige",https://www.flashback.org/t19834p2,0.84
d753489ebf9c,Kviberg,57.7360535,12.0311915,"Kviberg, Gamlestaden, Nordost, Göteborg, Göteborgs Stad, Västra Götalands län, 415 28, Sverige",https://www.flashback.org/t19834p2,0.84
